{
	"partitions" : [
		{
			"name" : "Top",
			"pins" : [
				{
					"name" : "Hex2[6]",
					"strict" : false
				},
				{
					"name" : "Hex2[5]",
					"strict" : false
				},
				{
					"name" : "Hex2[4]",
					"strict" : false
				},
				{
					"name" : "Hex2[3]",
					"strict" : false
				},
				{
					"name" : "Hex2[2]",
					"strict" : false
				},
				{
					"name" : "Hex2[1]",
					"strict" : false
				},
				{
					"name" : "Hex2[0]",
					"strict" : false
				},
				{
					"name" : "Hex1[6]",
					"strict" : false
				},
				{
					"name" : "Hex1[5]",
					"strict" : false
				},
				{
					"name" : "Hex1[4]",
					"strict" : false
				},
				{
					"name" : "Hex1[3]",
					"strict" : false
				},
				{
					"name" : "Hex1[2]",
					"strict" : false
				},
				{
					"name" : "Hex1[1]",
					"strict" : false
				},
				{
					"name" : "Hex1[0]",
					"strict" : false
				},
				{
					"name" : "Hex0[6]",
					"strict" : false
				},
				{
					"name" : "Hex0[5]",
					"strict" : false
				},
				{
					"name" : "Hex0[4]",
					"strict" : false
				},
				{
					"name" : "Hex0[3]",
					"strict" : false
				},
				{
					"name" : "Hex0[2]",
					"strict" : false
				},
				{
					"name" : "Hex0[1]",
					"strict" : false
				},
				{
					"name" : "Hex0[0]",
					"strict" : false
				},
				{
					"name" : "reset",
					"strict" : false
				},
				{
					"name" : "freq_op[1]",
					"strict" : false
				},
				{
					"name" : "freq_op[0]",
					"strict" : false
				},
				{
					"name" : "mclk",
					"strict" : false
				}
			]
		}
	]
}